"Type","Content","Word"
"CEBWORD","a","a"
"WORDTYPE","n","a"
"TEXT","letter A.","a"
"CEBWORD","walay —","a"
"TEXT","illiterate.","a"
"CEBWORD","-a","-a"
"TEXT","subjunctive direct passive affix.","-a"
"LINK","-un","-a"
"CEBWORD","-a(←)","-a(←)"
"NUMBER","1","-a(←)"
"TEXT","affix added to nouns forming words which refer to a specific one of several:","-a(←)"
"CEBPHRASE","Kanang isdáa, dílì kadtu,","-a(←)"
"TEXT","That fish there, not that one further over.","-a(←)"
"CEBPHRASE","Háing baláya ang íla?","-a(←)"
"TEXT","Which house is theirs?","-a(←)"
"NUMBER","1a","-a(←)"
"TEXT","added to possessive pronouns: the particular one that belongs to [so-and-so].","-a(←)"
"CEBPHRASE","Dakù ang amúang balay, gamay tung iláha,","-a(←)"
"TEXT","Our house is large, and theirs is small.","-a(←)"
"NUMBER","2","-a(←)"
"TEXT","affix added to adjectives to form exclamation.","-a(←)"
"CEBPHRASE","Dakúa uy!","-a(←)"
"TEXT","My! How big it is!","-a(←)"
"CEBPHRASE","Patyun tikaw, irúa ka!","-a(←)"
"TEXT","I’ll kill you, you dog you!","-a(←)"
"CEBPHRASE","Ngilngígang awtúha à!","-a(←)"
"TEXT","That’s some car!","-a(←)"
"CEBWORD","á","á"
"TEXT","particle used as a pause word before starting to speak.","á"
"NUMBER","1","á"
"TEXT","as a filler.","á"
"CEBPHRASE","á, muanhi ka ugmà?","á"
"TEXT","Um, are you going to come here tomorrow?","á"
"NUMBER","2","á"
"TEXT","deprecating or showing unimportance of what just preceded.","á"
"CEBPHRASE","á, paríha ra nákù,","á"
"TEXT","Oh, it’s all the same to me.","á"
"CEBPHRASE","á, nagkumidiya lang siya,","á"
"TEXT","Oh, he’s just joking.","á"
"NUMBER","3","á"
"TEXT","showing mild disapproval.","á"
"CEBPHRASE","á, dì nà mahímù,","á"
"TEXT","Oh, you can’t do that.","á"
"NUMBER","4","á"
"TEXT","recalling or conceding s.t.","á"
"CEBPHRASE","á, duha diay tu,","á"
"TEXT","Oh, yes. There were two of them, weren’t there.","á"
"NUMBER","4a","á"
"TEXT","preceding s.t. just found out.","á"
"CEBPHRASE","á, Lítu diay ímung ngálan,","á"
"TEXT","Oh, so your name is Lito.","á"
"CEBPHRASE","á, kanindut,","á"
"TEXT","Oh, how nice!","á"
"NUMBER","5","á"
"TEXT","expressing relief.","á"
"CEBPHRASE","á, nahuwasan ku,","á"
"TEXT","Ah, what a relief!","á"
"CEBWORD","à","à"
"TEXT","particle preceding or following a sentence with an adjective predicate.","à"
"NUMBER","1","à"
"TEXT","dismissing s.t. as impractical, too easy, impossible, etc.","à"
"CEBPHRASE","à, mu ra diay nà? Kasayun à!","à"
"TEXT","Oh, is that all there is to it? How easy it is!","à"
"CEBPHRASE","à, ása man ku mutúu nímu,","à"
"TEXT","Hm, you think I could believe you?","à"
"NUMBER","2","à"
"TEXT","showing disapproval.","à"
"CEBPHRASE","à, hináya nímung mulíhuk,","à"
"TEXT","Hm! You sure work slowly!","à"
"NUMBER","3","à"
"TEXT","showing surprise.","à"
"CEBPHRASE","à, kanindut nímug sinínà,","à"
"TEXT","How come you have such a beautiful dress on!","à"
"CEBWORD","ā̀","ā̀"
"LINK","álà","ā̀"
"CEBWORD","aba<sub>1</sub>","aba<sub>1</sub>"
"WORDTYPE","n","aba<sub>1</sub>"
"TEXT","breast of fowls.","aba<sub>1</sub>"
"CEBWORD","aba<sub>2</sub>","aba<sub>2</sub>"
"TEXT","exclamation of pleasure and surprise.","aba<sub>2</sub>"
"CEBPHRASE","Aba! Nakadaug ku,","aba<sub>2</sub>"
"TEXT","My! I won!","aba<sub>2</sub>"
"CEBWORD","ábà tuy","ábà tuy"
"TEXT","(from","ábà tuy"
"CEBPHRASE","sábà dihà untuy","ábà tuy"
"TEXT",") shut up!","ábà tuy"
"CEBPHRASE","ábà tuy, maáyu ka lang sa tayáda, wà kay tadtad,","ábà tuy"
"TEXT","Shut up! You’re great at talking, but let’s see you do s.t.","ábà tuy"
"CEBWORD","abaa","abaa"
"TEXT","particle indicating disapproval (literary).","abaa"
"CEBPHRASE","Abaa! Mahū́g ka gánì dihà!","abaa"
"TEXT","Stop that! You might fall!","abaa"
"CEBWORD","*abab","*abab"
"CEBWORD","taga-","*abab"
"WORDTYPE","n","*abab"
"TEXT","hillbilly.","*abab"
"CEBWORD","pakataga-","*abab"
"WORDTYPE","v","*abab"
"CLASS","[A13; a12]","*abab"
"TEXT","act, treat like, consider a hillbilly.","*abab"
"CEBPHRASE","Gipakatagaabab lang ku ninyu. Ihása,","*abab"
"TEXT","You just think I’m a hillbilly. Don’t try to fool me.","*abab"
"CEBWORD","— disáya","*abab"
"WORDTYPE","a","*abab"
"TEXT","be the boss and not henpecked.","*abab"
"CEBWORD","ab-ab","ab-ab"
"WORDTYPE","v","ab-ab"
"CLASS","[A; a]","ab-ab"
"NUMBER","1","ab-ab"
"TEXT","chew to pieces.","ab-ab"
"CEBPHRASE","Ab-ábun sa irù ang íyang hikut,","ab-ab"
"TEXT","The dog will chew up his rope.","ab-ab"
"NUMBER","2","ab-ab"
"TEXT","eat away, erode.","ab-ab"
"CEBPHRASE","Ang pagluib ni Maríya nag-ab-ab sa íyang balatían,","ab-ab"
"TEXT","Maria’s infidelity ate away at his insides.","ab-ab"
"CEBPHRASE","Giab-ab ang íyang pinútì sa tayà,","ab-ab"
"TEXT","His sword was eaten away by rust.","ab-ab"
"NUMBER","3","ab-ab"
"TEXT","fester.","ab-ab"
"CEBPHRASE","Ang nag-ab-ab kung núka,","ab-ab"
"TEXT","My festering wound.†","ab-ab"
"CEBWORD","abad","abad"
"WORDTYPE","n","abad"
"TEXT","abbot.","abad"
"CEBWORD","ábag","ábag"
"WORDTYPE","v","ábag"
"CLASS","[A; b]","ábag"
"TEXT","give material help, help do work.","ábag"
"CEBPHRASE","Kinsa may mag-ábag nímu sa ímung pag-iskuyla?","ábag"
"TEXT","Who will help pay for your schooling?","ábag"
"CEBPHRASE","Abági ku áring pagsilhig,","ábag"
"TEXT","Help me sweep.","ábag"
"WORDTYPE","n","ábag"
"TEXT","help given.","ábag"
"CEBWORD","ka-","ábag"
"WORDTYPE","n","ábag"
"TEXT","helper.","ábag"
"CEBWORD","abaga","abaga"
"WORDTYPE","n","abaga"
"TEXT","sweet potatoes growing from the outer vines and not from the main root.","abaga"
"CEBWORD","abága","abága"
"WORDTYPE","n","abága"
"TEXT","shoulder.","abága"
"WORDTYPE","v","abága"
"CLASS","[A2SN; b5]","abága"
"NUMBER","1","abága"
"TEXT","take financial responsibility.","abága"
"CEBPHRASE","Abagáhun (pangabagáhun, pangabagáhan) ni Mánuy níya ang galastúhan sa pag-iskuyla,","abága"
"TEXT","His brother will shoulder his school expenses.","abága"
"NUMBER","2","abága"
"TEXT","take responsibility for accomplishing s.t.","abága"
"CEBPHRASE","Kita giyuy muabága (mangabága) áning prugramáha,","abága"
"TEXT","We must undertake to carry out this program.","abága"
"CEBWORD","(→)","abága"
"LINK","abága","abága"
"WORDTYPE","v","abága"
"CEBWORD","paN-","abága"
"WORDTYPE","n","abága"
"TEXT","right-hand-man.","abága"
"CEBWORD","abagáhun","abága"
"WORDTYPE","a","abága"
"TEXT","broad-shouldered.","abága"
"CEBWORD","*abáhu","*abáhu"
"CEBWORD","— kunsidirasiyun, dispusisiyun","*abáhu"
"WORDTYPE","n","*abáhu"
"TEXT","bound by s.o.’s will.","*abáhu"
"CEBPHRASE","Abáhu (báhu) <span class=""corr"" id=""xd20e4931"" title=""Source: kunsididirasiyun"">kunsidirasiyun</span> ku sa ákung bána,","*abáhu"
"TEXT","I am bound by my husband’s decisions.","*abáhu"
"CEBWORD","abaka","abaka"
"WORDTYPE","n","abaka"
"NUMBER","1","abaka"
"TEXT","abaca plant: <b lang=""la""><i>Musa textilis</i></b>.","abaka"
"NUMBER","2","abaka"
"TEXT","abaca fiber.","abaka"
"CEBWORD","abakahan, abakanhan, abakal","abaka"
"WORDTYPE","n","abaka"
"TEXT","abaca plantation.","abaka"
"WORDTYPE","v","abaka"
"CLASS","[A3]","abaka"
"TEXT","own an abaca plantation.","abaka"
"CEBWORD","abakáda","abakáda"
"WORDTYPE","n","abakáda"
"TEXT","alphabet.","abakáda"
"CEBWORD","abakal","abakal"
"LINK","abaka","abakal"
"CEBWORD","abal","abal"
"WORDTYPE","n","abal"
"LINK","balbal","abal"
"WORDTYPE","v","abal"
"LINK","abat","abal"
"CEBWORD","abalu","abalu"
"WORDTYPE","n","abalu"
"TEXT","assessed value.","abalu"
"WORDTYPE","v","abalu"
"CLASS","[AB56; b5c]","abalu"
"TEXT","assess, be assessed at.","abalu"
"CEBPHRASE","Ug ikaw muabalu sa ákung yútà, ayawg dak-a,","abalu"
"TEXT","If you assess my land, don’t set it too high.","abalu"
"CEBPHRASE","Ang yútà miabalu (giabalu, giabaluhan) ug singkwinta mil,","abalu"
"TEXT","The land was assessed at fifty thousand pesos.","abalu"
"CEBWORD","abalwasiyun","abalwasiyun"
"WORDTYPE","n","abalwasiyun"
"TEXT","assessment.","abalwasiyun"
"CEBPHRASE","Purus dagkug abalwasiyun ang mga yútà dinhi sa syudad,","abalwasiyun"
"TEXT","The lots in the city all have high assessments.","abalwasiyun"
"CEBWORD","abandunar","abandunar"
"WORDTYPE","v","abandunar"
"CLASS","[A3P; c1]","abandunar"
"TEXT","abandon, neglect.","abandunar"
"CEBPHRASE","Nag-abandunar na lang siya sa íyang kaugalíngun sukad mamatay ang íyang asáwa,","abandunar"
"TEXT","He neglected himself entirely after his wife died.","abandunar"
"CEBPHRASE","Ayaw abandunaha (iabandunar) ang ímung pamilya,","abandunar"
"TEXT","Do not abandon your family.","abandunar"
"CEBWORD","abandunádu","abandunar"
"WORDTYPE","a","abandunar"
"NUMBER","1","abandunar"
"TEXT","abandoned.","abandunar"
"NUMBER","2","abandunar"
"TEXT","neglectful.","abandunar"
"WORDTYPE","v","abandunar"
"LINK","abandunar","abandunar"
"CEBWORD","abandúnu","abandúnu"
"LINK","abandunar","abandúnu"
"CEBWORD","ábang","ábang"
"WORDTYPE","v","ábang"
"NUMBER","1","ábang"
"CLASS","[A2S; b]","ábang"
"TEXT","rent.","ábang"
"CEBPHRASE","Ang usa ka kwartu giabángan sa tigúlang,","ábang"
"TEXT","The old man rents one of the rooms.","ábang"
"NUMBER","2","ábang"
"CLASS","[b]","ábang"
"TEXT","hire a prostitute.","ábang"
"NUMBER","3","ábang"
"CLASS","[A2; c]","ábang"
"TEXT","make an offering to a supernatural being for the use of land which is thought to be in his possession.","ábang"
"CEBPHRASE","Iábang ni nákung baktína álang sa uma,","ábang"
"TEXT","I will sacrifice this pig as rental for the land.","ábang"
"WORDTYPE","n","ábang"
"NUMBER","1","ábang"
"TEXT","rent paid.","ábang"
"CEBPHRASE","Pilay ábang nímu sa libru?","ábang"
"TEXT","How much rent did you pay for the book?","ábang"
"NUMBER","2","ábang"
"TEXT","money paid a prostitute.","ábang"
"NUMBER","3","ábang"
"TEXT","toil taken by supernatural beings.","ábang"
"CEBPHRASE","Kadtung nalumus dinhi ábang kunu tu sa ingkantu,","ábang"
"TEXT","The man who drowned here is said to have been the rent collected by the supernatural spirit.","ábang"
"CEBWORD","paN-","ábang"
"WORDTYPE","v","ábang"
"CLASS","[A2]","ábang"
"TEXT","patronize a prostitute.","ábang"
"CEBWORD","-an(→)<span class=""corr"" id=""xd20e5140"" title=""Not in source""><sub>1</sub></span>","ábang"
"TEXT","<b>1, 2, 3</b>","ábang"
"LINK","ábang","ábang"
"WORDTYPE","n","ábang"
"NUMBER","4","ábang"
"TEXT","haunted place, place where departed spirits take a toll or rent.","ábang"
"CEBPHRASE","Abangan kunu kanang baláya. Náa giyuy mamatay káda túig,","ábang"
"TEXT","That house is haunted (lit. has a rental on it). Each year s.o. dies there.","ábang"
"CEBWORD","abangan<span class=""corr"" id=""xd20e5164"" title=""Not in source""><sub>2</sub></span>","abangan<span class=""corr"" id=""xd20e5164"" title=""Not in source""><sub>2</sub></span>"
"WORDTYPE","n","abangan<span class=""corr"" id=""xd20e5164"" title=""Not in source""><sub>2</sub></span>"
"TEXT","k.o. rattan used as anchor rope for a","abangan<span class=""corr"" id=""xd20e5164"" title=""Not in source""><sub>2</sub></span>"
"CEBPHRASE","búbu","abangan<span class=""corr"" id=""xd20e5164"" title=""Not in source""><sub>2</sub></span>"
"TEXT","fish trap.","abangan<span class=""corr"" id=""xd20e5164"" title=""Not in source""><sub>2</sub></span>"
"CEBWORD","abánid","abánid"
"WORDTYPE","v","abánid"
"CLASS","[A; c1]","abánid"
"TEXT","do s.t. step by step, and in sequence.","abánid"
"CEBPHRASE","Iabánid (abaníra) kini pagpintal arun dílì magkampat,","abánid"
"TEXT","Paint it one square at a time so it will come out even.","abánid"
"WORDTYPE","a","abánid"
"TEXT","done in succession, order.","abánid"
"CEBPHRASE","Abánid ang íyang pagsukut sa mga istudyanti,","abánid"
"TEXT","He asked the students one after another in turn.","abánid"
"CEBWORD","abaníku","abaníku"
"WORDTYPE","n","abaníku"
"NUMBER","1","abaníku"
"TEXT","folding fan.","abaníku"
"NUMBER","1a","abaníku"
"TEXT","fan of any sort for fanning oneself.","abaníku"
"NUMBER","2","abaníku"
"TEXT","blackberry lily, k.o. bulbous ornamental: <b lang=""la""><i>Balamcanda chinensis</i></b>. It is so called because the leaves are arranged like an opened fan.","abaníku"
"NUMBER","3","abaníku"
"LINK","baníku","abaníku"
"NUMBER","4","abaníku"
"CEBWORD","kurta di-","abaníku"
"LINK","kurta1","abaníku"
"WORDTYPE","v","abaníku"
"NUMBER","1","abaníku"
"CLASS","[a12]","abaníku"
"TEXT","make into a fan.","abaníku"
"NUMBER","2","abaníku"
"CLASS","[A; b6]","abaníku"
"TEXT","fan s.o.","abaníku"
"CEBWORD","paN-","abaníku"
"WORDTYPE","v","abaníku"
"CLASS","[A2]","abaníku"
"TEXT","fan oneself.","abaníku"
"CEBWORD","inabaníku","abaníku"
"WORDTYPE","n","abaníku"
"TEXT","s.t. made in such a way that it can be folded for storage, e.g., a folding chair, jackknife.","abaníku"
"CEBWORD","abansáda","abansáda"
"WORDTYPE","a","abansáda"
"TEXT","exposed to the wind.","abansáda"
"WORDTYPE","v","abansáda"
"CLASS","[B12; c1]","abansáda"
"TEXT","for s.t. to be directly open to the wind.","abansáda"
"CEBPHRASE","Naabansáda sa hángin ang ákung bukubuku, maung gisip-un ku,","abansáda"
"TEXT","My back was directly exposed to the wind. That’s why I caught cold.","abansáda"
"CEBPHRASE","Ayaw abansadáha (iabansáda) sa hángin ang inyung bintánà,","abansáda"
"TEXT","Don’t put a window right where it catches the full breeze.","abansáda"
"CEBWORD","*abansi","*abansi"
"CEBWORD","miting di —","*abansi"
"TEXT","grand rally immediately prior to an election.","*abansi"
"CEBWORD","abansin","abansin"
"WORDTYPE","v","abansin"
"CLASS","[A]","abansin"
"TEXT","advance, for a body of people to move forward.","abansin"
"CEBPHRASE","Ang mga Hapúnis miabansin sa pátag sa Lusun,","abansin"
"TEXT","The Japanese advanced over the plains of Luzon.","abansin"
"CEBWORD","abanti","abanti"
"WORDTYPE","a","abanti"
"NUMBER","1","abanti"
"TEXT","forward, ahead.","abanti"
"CEBPHRASE","Abanti ka rang milingkud,","abanti"
"TEXT","You took a seat too far to the front.","abanti"
"NUMBER","2","abanti"
"TEXT","ahead in score.","abanti"
"WORDTYPE","v","abanti"
"NUMBER","1a","abanti"
"CLASS","[A2; c]","abanti"
"TEXT","move forward.","abanti"
"CEBPHRASE","Muabanti kag diyútay, matambug ka sa bangag,","abanti"
"TEXT","If you move forward any more, you will fall into the hole.","abanti"
"CEBPHRASE","Iabanti nang ímung awtug diyútay,","abanti"
"TEXT","Move your car forward a bit.","abanti"
"NUMBER","1b","abanti"
"CLASS","[A; a]","abanti"
"TEXT","be ahead, have more points in a game.","abanti"
"CEBPHRASE","Naabantíhan mu námug diyis puntus,","abanti"
"TEXT","We were ten points ahead of you.","abanti"
"NUMBER","2","abanti"
"CLASS","[A2; a12]","abanti"
"TEXT","keep up with s.t.","abanti"
"CEBPHRASE","Dì ku makaabanti sa galastúhan sa iskuylahan,","abanti"
"TEXT","I cannot keep up with the school payments.","abanti"
"NUMBER","3","abanti"
"CLASS","[A2; a12]","abanti"
"TEXT","endure work.","abanti"
"CEBPHRASE","Dì ku makaabanti sa pagdáru kay dautun ku,","abanti"
"TEXT","I can’t keep up with the plowing because I’m sickly.","abanti"
"NUMBER","4a","abanti"
"CLASS","[A]","abanti"
"TEXT","ask part payment in advance, especially in salary.","abanti"
"NUMBER","4b","abanti"
"CLASS","[c]","abanti"
"TEXT","give s.o. a cash advance on his salary or other payment.","abanti"
"WORDTYPE","n","abanti"
"NUMBER","1","abanti"
"TEXT","front wheel(s).","abanti"
"CEBPHRASE","Nahiyus ang abanti sa mutur,","abanti"
"TEXT","The front tire of the motorcycle is flat.","abanti"
"NUMBER","2","abanti"
"TEXT","forward gear.","abanti"
"NUMBER","3","abanti"
"TEXT","front seat in a car.","abanti"
"CEBWORD","atras —","abanti"
"LINK","atras","abanti"
"CEBWORD","abánu","abánu"
"WORDTYPE","n","abánu"
"TEXT","factory-made cigar.","abánu"
"WORDTYPE","v","abánu"
"NUMBER","1","abánu"
"CLASS","[A; a12]","abánu"
"TEXT","make into a cigar.","abánu"
"NUMBER","2","abánu"
"CLASS","[A123S]","abánu"
"TEXT","have, obtain a cigar.","abánu"
"CEBWORD","paN-","abánu"
"WORDTYPE","v","abánu"
"CLASS","[A2]","abánu"
"TEXT","smoke a cigar.","abánu"
"CEBWORD","abat","abat"
"WORDTYPE","n","abat"
"NUMBER","1","abat"
"TEXT","any supernatural being or human with supernatural powers which shows itself in an unexpected and startling way.","abat"
"NUMBER","2","abat"
"TEXT","one who is ‘it’ in games.","abat"
"WORDTYPE","v","abat"
"NUMBER","1","abat"
"CLASS","[A2; a2]","abat"
"TEXT","head off s.o.","abat"
"CEBPHRASE","Maapsan pa nímu siya ug ímung abatun sa iskína,","abat"
"TEXT","You can still catch up with him if you head him off at the corner.","abat"
"NUMBER","2","abat"
"CLASS","[AN; a12]","abat"
"TEXT","frighten s.o. by appearing suddenly or otherwise startling him.","abat"
"CEBPHRASE","Ig-ági níya, abta siya,","abat"
"TEXT","When he comes by, give him a scare.","abat"
"CEBWORD","alabtan, abtanan","abat"
"WORDTYPE","a","abat"
"TEXT","haunted, place where things appear suddenly.","abat"
"CEBWORD","alabtun","abat"
"TEXT","s.o. to whom spirits tend to show themselves.","abat"
"CEBWORD","abat-ábat","abat"
"WORDTYPE","n","abat"
"TEXT","game of tag.","abat"
"WORDTYPE","v","abat"
"CLASS","[A13]","abat"
"NUMBER","1","abat"
"TEXT","play tag.","abat"
"NUMBER","2","abat"
"TEXT","try to meet without succeeding.","abat"
"CEBPHRASE","Wà giyud mi magkítà, nag-abat-ábat lang,","abat"
"TEXT","We just kept missing each other.","abat"
"CEBWORD","ábat<sub>1</sub>","ábat<sub>1</sub>"
"WORDTYPE","v","ábat<sub>1</sub>"
"CLASS","[A2S; b6]","ábat<sub>1</sub>"
"TEXT","hold on to s.t. fixed to support oneself.","ábat<sub>1</sub>"
"CEBPHRASE","Ang tigúwang miábat sa pasamánu paingun sa táas,","ábat<sub>1</sub>"
"TEXT","The old man held on to the bannister while going upstairs.","ábat<sub>1</sub>"
"CEBWORD","-an(→)","ábat<sub>1</sub>"
"WORDTYPE","n","ábat<sub>1</sub>"
"TEXT","a railing in shape of a ladder for baby to cling to when he starts to walk.","ábat<sub>1</sub>"
"CEBWORD","ábat<sub>2</sub>","ábat<sub>2</sub>"
"WORDTYPE","v","ábat<sub>2</sub>"
"NUMBER","1","ábat<sub>2</sub>"
"CLASS","[A; a1]","ábat<sub>2</sub>"
"TEXT","feel with the hands, esp. to find s.t. out.","ábat<sub>2</sub>"
"CEBPHRASE","Nag-ábat siya sa yáwi sa íyang bulsa kung wà ba hibyai,","ábat<sub>2</sub>"
"TEXT","He felt for the key in his pocket to see if he hadn’t left it behind.","ábat<sub>2</sub>"
"CEBPHRASE","Abátun ku ang íyang agtang ug hilanatun ba,","ábat<sub>2</sub>"
"TEXT","I’ll touch her forehead to see if she is feverish.","ábat<sub>2</sub>"
"NUMBER","2","ábat<sub>2</sub>"
"CLASS","[A123S; a12b2]","ábat<sub>2</sub>"
"TEXT","feel s.t. with the sense of touch.","ábat<sub>2</sub>"
"CEBPHRASE","Nakaabat ku sa kabugnaw sa sinihan,","ábat<sub>2</sub>"
"TEXT","I felt the coolness of the movie house.","ábat<sub>2</sub>"
"CEBPHRASE","Abátun gánì nímu ang kasakit, musamut giyud,","ábat<sub>2</sub>"
"TEXT","If you think about the pain, it will get worse.","ábat<sub>2</sub>"
"NUMBER","3","ábat<sub>2</sub>"
"CLASS","[A123S; b2]","ábat<sub>2</sub>"
"TEXT","happen to notice, sense s.t.","ábat<sub>2</sub>"
"CEBPHRASE","Nakaabat kung mu rag may misaka sa ámung báy,","ábat<sub>2</sub>"
"TEXT","I sensed that s.o. had entered our house.","ábat<sub>2</sub>"
"CEBWORD","abay","abay"
"WORDTYPE","v","abay"
"NUMBER","1","abay"
"CLASS","[AC; b6]","abay"
"TEXT","move along together with s.t. moving.","abay"
"CEBPHRASE","Lagmit hiligsan ang bátà kay nag-abay sa tartanilya,","abay"
"TEXT","The child is likely to be run over because he is running alongside of the rig.","abay"
"CEBPHRASE","Silang duha nag-ábay paglanguy,","abay"
"TEXT","The two swam side by side.","abay"
"NUMBER","1a","abay"
"CEBWORD","— ug sawa","abay"
"TEXT","have a snake born at the same time one is born. The snake is called one’s twin (","abay"
"CEBPHRASE","kalúha","abay"
"TEXT",") and is supposed to bring him and his family luck.","abay"
"CEBPHRASE","Pagkatáwu sa ákung iyaan, giabayan (giabyan) ug sawa. Mau nang nadátù ang íyang inahan,","abay"
"TEXT","When my aunt was born, a twin snake was born with her, and so her mother became rich.","abay"
"NUMBER","2","abay"
"CLASS","[A2; c]","abay"
"TEXT","go in with s.o. who buys or invests in s.t.","abay"
"CEBPHRASE","Ug mupalit kag usa ka sákung humay muabay kug lima ka gantang,","abay"
"TEXT","If you buy a sack of rice, I will go in with you for five ganta’s worth.","abay"
"CEBPHRASE","Giabyan níyag singku písus ang ákung pusta,","abay"
"TEXT","He went in for five pesos on my bet.","abay"
"NUMBER","3","abay"
"CLASS","[AN]","abay"
"TEXT","go in together in a fishing operation which requires several hands.","abay"
"NUMBER","4","abay"
"CLASS","[c1]","abay"
"TEXT","attach a gaff in the","abay"
"CEBPHRASE","abay","abay"
"TEXT","way (","abay"
"LINK","abay","abay"
"WORDTYPE","n","abay"
"CEBWORD","4","abay"
"WORDTYPE","n","abay"
"NUMBER","1","abay"
"TEXT","money paid as a share in a purchase or investment.","abay"
"CEBPHRASE","Ang ákung abay bálig dus písus ra,","abay"
"TEXT","My share is two pesos’ worth.","abay"
"NUMBER","2","abay"
"TEXT","bridesmaid or best man.","abay"
"NUMBER","3","abay"
"TEXT","man’s male friend.","abay"
"NUMBER","3a","abay"
"TEXT","title used by males of the same age to each other.","abay"
"CEBPHRASE","short form:","abay"
"CEBWORD","bay","abay"
"CEBPHRASE","ása man ning dyípa, bay?","abay"
"TEXT","Where is this jeep headed for, driver?","abay"
"NUMBER","4","abay"
"TEXT","manner of tying a gaff to a cock level with and parallel to the spur to offset any advantage it may have over its opponent.","abay"
"CEBWORD","maN-l-(←), maN-r-","abay"
"WORDTYPE","n","abay"
"TEXT","persons who go in together in a fishing operation.","abay"
"CEBWORD","-an, abyanan","abay"
"WORDTYPE","n","abay"
"TEXT","life saver.","abay"
"CEBWORD","abyan","abay"
"WORDTYPE","n","abay"
"NUMBER","1","abay"
"TEXT","friend, companion.","abay"
"CEBPHRASE","Alang kaníya walà siyay láing abyan kun dílì álak,","abay"
"TEXT","He has no other friend except liquor.","abay"
"NUMBER","2","abay"
"TEXT","supernatural being that provides a shaman or sorcerer with his power.","abay"
"WORDTYPE","v","abay"
"CLASS","[C1]","abay"
"NUMBER","1","abay"
"TEXT","be friends.","abay"
"CEBPHRASE","Kita lay mag-abyan,","abay"
"TEXT","Let’s be friends.","abay"
"NUMBER","2","abay"
"TEXT","indulge in a bad habit.","abay"
"CEBPHRASE","Walà siya makig-abyan sa huguyhúguy,","abay"
"TEXT","He did not indulge in roaming about.","abay"
"CEBWORD","abgaw","abgaw"
"LINK","adgaw","abgaw"
"CEBWORD","-un","abgaw"
"WORDTYPE","n","abgaw"
"TEXT","k.o. snapper with a yellow streak along the body: <b><i>Lutianus sp</i></b>.","abgaw"
"CEBWORD","abhak","abhak"
"WORDTYPE","v","abhak"
"CLASS","[A; b5]","abhak"
"TEXT","diminish s.t. by taking away or destroying part of it.","abhak"
"CEBPHRASE","Naabhak (naabhákan) ang íyang abága sa bála,","abhak"
"TEXT","The bullet tore a huge piece out of his shoulder.","abhak"
"WORDTYPE","n","abhak"
"TEXT","hole left when s.t. is chopped off, out.","abhak"
"CEBPHRASE","Dakù kaáyu ang abhak sa káhuy,","abhak"
"TEXT","There’s a big cut in the tree.","abhak"
"WORDTYPE","a","abhak"
"TEXT","done in such a way that s.t. is chopped off.","abhak"
"CEBPHRASE","Abhak nga pagkabuldúsir ang inyung nataran,","abhak"
"TEXT","Your yard was bulldozed clean.","abhak"
"CEBWORD","abhul","abhul"
"LINK","abhung","abhul"
"CEBWORD","abhung","abhung"
"WORDTYPE","a","abhung"
"TEXT","musty and flat in smell: damp clothing, rice, sweet potatoes, salted fish, et al.","abhung"
"WORDTYPE","v","abhung"
"CLASS","[B; b6]","abhung"
"TEXT","be, become musty.","abhung"
"CEBWORD","-un(→)","abhung"
"WORDTYPE","a","abhung"
"TEXT","of a musty kind.","abhung"
"CEBWORD","abi","abi"
"LINK","abir","abi"
"CEBWORD","1, 2","abi"
"CEBWORD","ábi","ábi"
"NUMBER","1","ábi"
"TEXT","<b lang=""ceb"">—","ábi"
"CLASS","[<i lang=""ceb"">gen.</i>]","ábi"
"TEXT","</b> [gen.] thought, took for granted.","ábi"
"CEBPHRASE","ábi nákug tinúud,","ábi"
"TEXT","I thought it was true.","ábi"
"CEBWORD","— nímu","ábi"
"TEXT","<a id=""xd20e5830""></a> You know what?","ábi"
"CEBPHRASE","ábi nímu? Nakit-an ku siya nga láig kúyug,","ábi"
"TEXT","You know what? I saw him going out with s.o. else.","ábi"
"NUMBER","2","ábi"
"CEBWORD","— kay","ábi"
"TEXT","just because.","ábi"
"CEBPHRASE","ábi kay nakadaug sa byúti kuntis midakù na ang úlu,","ábi"
"TEXT","Just because she won the beauty contest she thinks she is s.t.","ábi"
"NUMBER","3","ábi"
"CEBWORD","— na lang","ábi"
"TEXT","s.o. might think that.","ábi"
"CEBPHRASE","Súkul. ábi na lang, daug.","ábi"
"TEXT","Fight back. They might think you give up.","ábi"
"CEBWORD","abiábi","abiábi"
"WORDTYPE","v","abiábi"
"CLASS","[A; a12]","abiábi"
"TEXT","show hospitality to.","abiábi"
"CEBPHRASE","Mu giyud ning táwung iládu, abiabíhun giyud sa mga tagilungsud,","abiábi"
"TEXT","The townspeople show hospitality to any famous visitor.","abiábi"
"CEBWORD","maabiabíhun, manggiabiabíhun","abiábi"
"WORDTYPE","a","abiábi"
"TEXT","hospitable.","abiábi"
"CEBWORD","abíba, abibar","abíba, abibar"
"WORDTYPE","v","abíba, abibar"
"CLASS","[A; b5]","abíba, abibar"
"TEXT","cheer one on, encourage to do.","abíba, abibar"
"CEBPHRASE","Nag-abíba sa mga bátag binúang,","abíba, abibar"
"TEXT","Egging the children on in their naughtiness.","abíba, abibar"
"WORDTYPE","n","abíba, abibar"
"TEXT","encouragement, egging on.","abíba, abibar"
"CEBWORD","maabibáhun","abíba, abibar"
"WORDTYPE","a","abíba, abibar"
"TEXT","giving encouragement, egging on.","abíba, abibar"
"CEBWORD","abíhid","abíhid"
"LINK","alabíhid","abíhid"
"CEBWORD","abilay","abilay"
"LINK","sambilay","abilay"
"CEBWORD","abilidad","abilidad"
"WORDTYPE","n","abilidad"
"TEXT","ability, capacity or skill to accomplish s.t.","abilidad"
"WORDTYPE","v","abilidad"
"CLASS","[A12]","abilidad"
"TEXT","obtain a certain ability.","abilidad"
"CEBWORD","abilidaran","abilidad"
"WORDTYPE","a","abilidad"
"TEXT","skilled, able.","abilidad"
"CEBPHRASE","Abilidaran nà si Tunyu. Bansayng mutínis,","abilidad"
"TEXT","Tony has talent. He plays tennis well.","abilidad"
"CEBWORD","abilyána","abilyána"
"WORDTYPE","a","abilyána"
"TEXT","tan-colored shoes.","abilyána"
"WORDTYPE","n","abilyána"
"TEXT","tan polish.","abilyána"
"WORDTYPE","v","abilyána"
"CLASS","[A13]","abilyána"
"TEXT","polish shoes with a light tan polish, color them tan.","abilyána"
"CEBPHRASE","Abilyanáha (abilyanáhi) ning sapátus kung putì,","abilyána"
"TEXT","Dye these shoes of mine tan.","abilyána"
"CEBPHRASE","Wà kuy bitung itum. Abilyanáhi lang,","abilyána"
"TEXT","I don’t have any black polish. Just put tan polish on them.","abilyána"
"CEBWORD","ábin","ábin"
"WORDTYPE","v","ábin"
"CLASS","[A2C; b]","ábin"
"NUMBER","1","ábin"
"TEXT","engage in an enterprise or game together.","ábin"
"CEBPHRASE","Mag-ábin ta sa pamaligyag pagkáun,","ábin"
"TEXT","Let’s become partners in selling food.","ábin"
"NUMBER","2","ábin"
"TEXT","ally on oneself with.","ábin"
"CEBPHRASE","Mga hakug sa gahum ang miábin kaníya,","ábin"
"TEXT","People who were greedy for power allied themselves with him.","ábin"
"CEBPHRASE","Nakig-ábin aku kaníya sa íyang mga panglantaw sa unáhan,","ábin"
"TEXT","I share his views of the future.","ábin"
"WORDTYPE","n","ábin"
"TEXT","partner in business or game.","ábin"
"CEBPHRASE","Ug siyay ákung ábin sa bíku kanúnay ming mudaug,","ábin"
"TEXT","When she is my partner in hopscotch, we always win.","ábin"
"CEBWORD","ka-","ábin"
"WORDTYPE","n","ábin"
"LINK","ábin","ábin"
"CEBWORD","abintúra","abintúra"
"WORDTYPE","n","abintúra"
"NUMBER","1","abintúra"
"TEXT","adventures.","abintúra"
"NUMBER","2","abintúra"
"TEXT","adventure film, story.","abintúra"
"CEBPHRASE","Makítà siya sa mga lílas abintúra,","abintúra"
"TEXT","He appears in adventure films.","abintúra"
"WORDTYPE","v","abintúra"
"CLASS","[A; b5]","abintúra"
"NUMBER","1","abintúra"
"TEXT","try going s.w. for the adventure of it.","abintúra"
"CEBPHRASE","Nag-abintúra mig katkat sa Manunggal,","abintúra"
"TEXT","We went on an expedition to Mt. Manunggal.","abintúra"
"NUMBER","2","abintúra"
"LINK","abinturar","abintúra"
"CEBWORD","abinturar","abinturar"
"WORDTYPE","v","abinturar"
"CLASS","[AN; b5]","abinturar"
"TEXT","try one’s luck.","abinturar"
"CEBPHRASE","Miabinturar (nangabinturar) lang siyag aplay básig madáwat,","abinturar"
"TEXT","He tried his luck in applying in hopes he might be accepted.","abinturar"
"CEBPHRASE","Abinturahi (abinturaha) lang si Maríyag hangyù,","abinturar"
"TEXT","Try your luck with Maria and ask her.","abinturar"
"CEBWORD","abinturíru, -a","abinturar"
"LINK","abinturista","abinturar"
"CEBWORD","abinturista","abinturar"
"WORDTYPE","a","abinturar"
"TEXT","adventurous, tending to try things out without knowing the outcome.","abinturar"
"CEBPHRASE","Dì ku mugugul ug kwarta niánà kay dì ku abinturista. Básig dì musalir,","abinturar"
"TEXT","I won’t invest my money on that because I’m not daring. It might just fail.","abinturar"
"CEBWORD","abir","abir"
"NUMBER","1","abir"
"TEXT","particle used in calling attention to a point in contention.","abir"
"CEBPHRASE","Ang diyus makagagáhum. Abir, unsáun man nímu pagpangutána diin siya manukad,","abir"
"TEXT","God is almighty. All right then, how can you ask where He comes from?","abir"
"NUMBER","1a","abir"
"TEXT","particle used in inciting a person to do s.t.","abir"
"CEBPHRASE","Abir, sulayi ug musalir ba nang paagíha,","abir"
"TEXT","O.K. Just see if that procedure works out.","abir"
"CEBPHRASE","Abir, sumbága kunu ku kay isumbung tikaw ni Pápa,","abir"
"TEXT","All right, just try hitting me, and I’ll tell Daddy on you.","abir"
"NUMBER","2","abir"
"TEXT","pause word expressing hesitation when one doesn’t know how to do s.t.","abir"
"CEBPHRASE","Abir, lisúa nag hínay dúngan sa pagtulbuk ári,","abir"
"TEXT","Let’s see now, turn that slowly and press this at the same time.","abir"
"NUMBER","3","abir"
"LINK","ambi","abir"
"CEBWORD","4","abir"
"WORDTYPE","v","abir"
"CLASS","[AN; ac]","abir"
"TEXT","try one’s luck, take a stab at.","abir"
"CEBPHRASE","Nangabir (miabir) lang siyag panlútù. Dì hinúun siya kamau,","abir"
"TEXT","He just took a try at cooking. He doesn’t really know how.","abir"
"CEBPHRASE","Abirun unyà nákug hangyù si Maríya,","abir"
"TEXT","I’ll just take a stab at asking Maria.","abir"
"CEBPHRASE","Iabir kunu ni sa ahinsiya ug dawátun ba,","abir"
"TEXT","Try taking this to the pawnshop and see if they will accept it.","abir"
"CEBWORD","abirids","abirids"
"WORDTYPE","n","abirids"
"NUMBER","1","abirids"
"TEXT","average, the usual size or quantity.","abirids"
"NUMBER","2","abirids"
"TEXT","average rating in school.","abirids"
"CEBPHRASE","Pasar ku kay utsinta ákung abirids,","abirids"
"TEXT","I passed because my average was eighty.","abirids"
"WORDTYPE","v","abirids"
"CLASS","[A]","abirids"
"NUMBER","1","abirids"
"TEXT","average so and so much.","abirids"
"CEBPHRASE","Makaabirids mig lima adlaw-adlaw,","abirids"
"TEXT","We can sell on the average five every day.","abirids"
"NUMBER","2","abirids"
"TEXT","have an average grade of.","abirids"
"CEBWORD","abiríya","abiríya"
"WORDTYPE","a","abiríya"
"TEXT","be broken, inoperative.","abiríya"
"WORDTYPE","v","abiríya"
"CLASS","[B]","abiríya"
"NUMBER","1","abiríya"
"TEXT","for an engine to break down.","abiríya"
"CEBPHRASE","Kining trak dílì magámit. Nag-abiríya man,","abiríya"
"TEXT","This truck cannot be used. It is broken.","abiríya"
"NUMBER","2","abiríya"
"TEXT","be under the weather.","abiríya"
"CEBPHRASE","Naabiríya aku kay nagkalíbang aku gahápun,","abiríya"
"TEXT","I’m not feeling well because I had diarrhea yesterday.","abiríya"
"CEBWORD","abirtu","abirtu"
"LINK","abyirtu","abirtu"
"CEBWORD","abis","abis"
"WORDTYPE","v","abis"
"CLASS","[A; ab7]","abis"
"TEXT","slice with a curved blade, cut a small or thin part from a bigger piece.","abis"
"CEBPHRASE","Abisig diyútay nà,","abis"
"TEXT","Slice a piece off of it.","abis"
"CEBWORD","paN-","abis"
"WORDTYPE","v","abis"
"CLASS","[A2]","abis"
"TEXT","slice the terminal portion of a coconut bud to induce sap flow.","abis"
"CEBPHRASE","Kaduha sila mangabis káda adlaw,","abis"
"TEXT","They make an incision in the bud twice a day.","abis"
"CEBWORD","abísu","abísu"
"WORDTYPE","n","abísu"
"TEXT","announcement of s.t. to come.","abísu"
"WORDTYPE","v","abísu"
"NUMBER","1","abísu"
"CLASS","[A; c]","abísu"
"TEXT","announce s.t. to come.","abísu"
"CEBPHRASE","Nag-abísu ang radyu nga adúnay bagyung umaábut,","abísu"
"TEXT","The radio announced that there is a typhoon coming.","abísu"
"NUMBER","2","abísu"
"CLASS","[A12]","abísu"
"TEXT","receive an announcement.","abísu"
"CEBPHRASE","Nakaabísu ming way túbig ugmà,","abísu"
"TEXT","We received the announcement that there would be no water tomorrow.","abísu"
"CEBWORD","abitsuylas","abitsuylas"
"LINK","habitsuylas","abitsuylas"
"CEBWORD","abitu","abitu"
"WORDTYPE","n","abitu"
"TEXT","habit, a distinctive apparel worn by devotees, priests, monks, and the like.","abitu"
"WORDTYPE","v","abitu"
"CLASS","[A]","abitu"
"TEXT","wear a habit.","abitu"
"CEBWORD","abíyu","abíyu"
"WORDTYPE","n","abíyu"
"TEXT","food, provisions, money, supplies for daily consumption.","abíyu"
"WORDTYPE","v","abíyu"
"CLASS","[A; c]","abíyu"
"TEXT","provide food, etc.","abíyu"
"CEBPHRASE","Báhin sa mga kinahanglanun matag adlaw akuy muabíyu,","abíyu"
"TEXT","As far as your daily needs go, I will provide.","abíyu"
"CEBPHRASE","Abyúhan ta lang mug usa ka sákung humay matag búlan,","abíyu"
"TEXT","We’ll supply you with one sack of rice a month.","abíyu"
"CEBWORD","abiyun","abiyun"
"WORDTYPE","n","abiyun"
"TEXT","airplane.","abiyun"
"CEBWORD","ka-an(←)","abiyun"
"WORDTYPE","n","abiyun"
"TEXT","group of airplanes.","abiyun"
"CEBWORD","abkay","abkay"
"WORDTYPE","v","abkay"
"CLASS","[A; a]","abkay"
"TEXT","dig up, out.","abkay"
"CEBPHRASE","Abkáyun ku ang kwarta nga ákung gilubung dinhi,","abkay"
"TEXT","I will dig up the money that I buried here.","abkay"
"CEBWORD","abla","abla"
"WORDTYPE","v","abla"
"CLASS","[A; c]","abla"
"TEXT","speak to s.o. with some purpose in mind.","abla"
"CEBPHRASE","Abláhi kunu si Máma, básin pag musugut,","abla"
"TEXT","Try to talk mother into it. She might let us.","abla"
"WORDTYPE","n","abla"
"NUMBER","1","abla"
"TEXT","persuasive talk.","abla"
"CEBPHRASE","Dílì ka sugtun niánang bayhána kun walà kay abla,","abla"
"TEXT","That woman will not accept you if you don’t sweet-talk her.","abla"
"NUMBER","2","abla"
"TEXT","big talk.","abla"
"CEBPHRASE","Abla lay nagdaghan. Walay líhuk,","abla"
"TEXT","It was all just big talk. No action.","abla"
"CEBWORD","paN-","abla"
"WORDTYPE","n","abla"
"TEXT","art or technique of expressing one’s viewpoint.","abla"
"CEBPHRASE","Malampúsun siyang abugádu kay maáyu siya sa pangabla,","abla"
"TEXT","He is a successful lawyer because he has a good technique in talking.","abla"
"CEBWORD","abládu","abládu"
"WORDTYPE","n","abládu"
"NUMBER","1","abládu"
"TEXT","delivered in spoken fashion.","abládu"
"CEBPHRASE","Ang kúru abládu, dílì kantáhun,","abládu"
"TEXT","The chorus is spoken, not sung.","abládu"
"NUMBER","2","abládu"
"TEXT","lines of a play.","abládu"
"WORDTYPE","v","abládu"
"CLASS","[A]","abládu"
"TEXT","speak lines.","abládu"
"CEBWORD","ablása","ablása"
"LINK","abrása","ablása"
"CEBWORD","abli","abli"
"WORDTYPE","v","abli"
"CLASS","[AB; b5]","abli"
"NUMBER","1","abli"
"TEXT","open s.t., be open.","abli"
"CEBPHRASE","Ikaw bay nag-abli sa pultahan?","abli"
"TEXT","Were you the one who opened the door?","abli"
"CEBPHRASE","Sulud lang kay nag-abli ang pultahan,","abli"
"TEXT","Just come right in. The door is open.","abli"
"NUMBER","2","abli"
"TEXT","begin, start a class, business, etc.","abli"
"CEBPHRASE","Muabli ang klási sa Hunyu,","abli"
"TEXT","Classes begin in June.","abli"
"CEBPHRASE","Ablíhag (ablíhug) sayu ang klási sunud túig,","abli"
"TEXT","Classes will open early next year.","abli"
"NUMBER","3","abli"
"TEXT","found, establish an enterprise.","abli"
"CEBPHRASE","Anus-a man ablíhi (ablíha) ang inyung iskuylahan sa panahì?","abli"
"TEXT","When will you open your sewing school?","abli"
"WORDTYPE","n","abli"
"NUMBER","1","abli"
"TEXT","opening.","abli"
"CEBPHRASE","Dakug abli nang tarúha,","abli"
"TEXT","That can has a big opening.","abli"
"NUMBER","2","abli"
"TEXT","opening of classes.","abli"
"WORDTYPE","a","abli"
"NUMBER","1","abli"
"TEXT","open.","abli"
"CEBPHRASE","Abli ang bintánà. Sirhi ra gud,","abli"
"TEXT","The window is open. Please close it.","abli"
"NUMBER","2","abli"
"TEXT","be started.","abli"
"CEBPHRASE","Abli na ang tindáhan. Palit ngadtug kapi,","abli"
"TEXT","The store is open now. Go buy some coffee.","abli"
"CEBWORD","Abr.","Abr."
"TEXT","abbreviation for","Abr."
"CEBPHRASE","Abril,","Abr."
"TEXT","‘April’.","Abr."
"CEBWORD","abrap","abrap"
"WORDTYPE","a","abrap"
"NUMBER","1","abrap"
"TEXT","sudden.","abrap"
"CEBPHRASE","Abrap ra kaáyu nang ímung pag-anhi,","abrap"
"TEXT","Your coming is very sudden.","abrap"
"NUMBER","2","abrap"
"TEXT","brusque.","abrap"
"WORDTYPE","v","abrap"
"CLASS","[B12; c1]","abrap"
"NUMBER","1","abrap"
"TEXT","be sudden, do s.t. by plunging right into it.","abrap"
"NUMBER","2","abrap"
"TEXT","be brusque.","abrap"
"CEBPHRASE","Naabrap ra tu nímu pagkatubag,","abrap"
"TEXT","You answered in a brusque way.","abrap"
"CEBWORD","abrása","abrása"
"WORDTYPE","v","abrása"
"CLASS","[AC; bc3]","abrása"
"TEXT","walk side by side with.","abrása"
"CEBPHRASE","Hulat kay muabrása kug lakaw ninyu,","abrása"
"TEXT","Wait for me. I’m going to walk next to you.","abrása"
"CEBPHRASE","Dílì ta mag-abrásag lakaw sa karsádang hagip-ut,","abrása"
"TEXT","We shouldn’t walk side by side on a narrow street.","abrása"
"CEBWORD","abrasadur","abrasadur"
"WORDTYPE","n","abrasadur"
"LINK","tangdayan","abrasadur"
"WORDTYPE","v","abrasadur"
"LINK","tangday","abrasadur"
"CEBWORD","2","abrasadur"
"CEBWORD","abrasíti","abrasíti"
"WORDTYPE","v","abrasíti"
"CLASS","[C2; c2]","abrasíti"
"TEXT","promenade arm in arm or side by side.","abrasíti"
"CEBPHRASE","Nakit-an kung ímung bánang may giabrasíting (giabrasitíhang) babáyi,","abrasíti"
"TEXT","I saw your husband walking arm in arm with a woman (with a woman holding on to his arms).","abrasíti"
"CEBWORD","abrasyíti","abrasyíti"
"LINK","abrasíti","abrasyíti"
"CEBWORD","abri<sub>1</sub>","abri<sub>1</sub>"
"LINK","abli","abri<sub>1</sub>"
"CEBWORD","-dur","abri<sub>1</sub>"
"WORDTYPE","n","abri<sub>1</sub>"
"TEXT","opener.†","abri<sub>1</sub>"
"CEBWORD","abri<sub>2</sub>","abri<sub>2</sub>"
"LINK","abyirtu2","abri<sub>2</sub>"
"CEBWORD","abrigána","abrigána"
"WORDTYPE","n","abrigána"
"TEXT","s.t. that stimulates the appetite.","abrigána"
"CEBPHRASE","Maáyung abrigána ang bír,","abrigána"
"TEXT","Beer is good to stimulate the appetite.","abrigána"
"CEBWORD","abrigáwu","abrigáwu"
"WORDTYPE","n","abrigáwu"
"NUMBER","1","abrigáwu"
"TEXT","apprentice on a ship.","abrigáwu"
"NUMBER","2","abrigáwu"
"TEXT","one who works on a boat for his passage.","abrigáwu"
"WORDTYPE","v","abrigáwu"
"CLASS","[A1; a12]","abrigáwu"
"NUMBER","1","abrigáwu"
"TEXT","be an apprentice, apprentice s.o. to.","abrigáwu"
"NUMBER","2","abrigáwu"
"TEXT","work in lieu of paying passage.","abrigáwu"
"CEBWORD","abrígu","abrígu"
"WORDTYPE","n","abrígu"
"TEXT","shawl.","abrígu"
"WORDTYPE","v","abrígu"
"CLASS","[A1; a]","abrígu"
"TEXT","wear, make, receive a shawl.","abrígu"
"CEBWORD","Abril","Abril"
"WORDTYPE","n","Abril"
"TEXT","April.","Abril"
"WORDTYPE","v","Abril"
"CLASS","[a]","Abril"
"NUMBER","1","Abril"
"TEXT","do s.t. in April.","Abril"
"CEBPHRASE","Magbakasyun mu sa Hunyu? Ah, Abrila lang,","Abril"
"TEXT","Will you take your vacation in June? Oh, just make it in April.","Abril"
"NUMBER","2","Abril"
"TEXT","write down April in a document.","Abril"
"CEBPHRASE","Máyu ímung nabutang? Abrila lang hinúun,","Abril"
"TEXT","Did you write May? It should be April.","Abril"
"CEBWORD","abriláta","abriláta"
"WORDTYPE","n","abriláta"
"TEXT","can opener.","abriláta"
"CEBWORD","absin","absin"
"WORDTYPE","v","absin"
"CLASS","[A2; b6]","absin"
"NUMBER","1","absin"
"TEXT","absent, fail to attend work or class.","absin"
"CEBPHRASE","Absínig kas-a nang klasíha nímu,","absin"
"TEXT","Just miss your class this one time.","absin"
"NUMBER","2","absin"
"TEXT","mark one absent.","absin"
"CEBPHRASE","Absínan tikaw,","absin"
"TEXT","I’ll mark you absent.","absin"
"WORDTYPE","n","absin"
"TEXT","absence, time away from class.","absin"
"CEBPHRASE","Daghag absin nímu Dyú, lagmit ka mahagbung,","absin"
"TEXT","How many absences you have, Joe! You’re likely to flunk.","absin"
"CEBWORD","hiN-, pala-, absiníru, absinus","absin"
"WORDTYPE","a","absin"
"TEXT","given to missing classes.","absin"
"CEBPHRASE","Anus-a gud nà siya makapasar nga absinus man nà sa klási,","absin"
"TEXT","How can he pass if he always misses classes?","absin"
"CEBWORD","— mayindid","absin"
"WORDTYPE","a","absin"
"TEXT","absent-minded.","absin"
"CEBWORD","absinus","absinus"
"LINK","absin","absinus"
"CEBWORD","absulusiyun","absulusiyun"
"WORDTYPE","n","absulusiyun"
"TEXT","absolution.","absulusiyun"
"WORDTYPE","v","absulusiyun"
"CLASS","[b6]","absulusiyun"
"TEXT","give absolution.","absulusiyun"
"CEBPHRASE","Gilubung siya nga walà gánì kaabsulusyuni,","absulusiyun"
"TEXT","He was buried without having received absolution.","absulusiyun"
"CEBWORD","absuwiltu","absuwiltu"
"WORDTYPE","n","absuwiltu"
"TEXT","acquitted in court.","absuwiltu"
"WORDTYPE","v","absuwiltu"
"CLASS","[A3P; a12]","absuwiltu"
"TEXT","acquit.","absuwiltu"
"CEBWORD","abtik","abtik"
"WORDTYPE","a","abtik"
"NUMBER","1","abtik"
"TEXT","nimble, quick in reaction.","abtik"
"CEBPHRASE","Ang musáyaw sa tinikling kinahanglang abtik ug tiil,","abtik"
"TEXT","Whoever dances the","abtik"
"CEBPHRASE","tinikling","abtik"
"TEXT","has to have nimble feet.","abtik"
"NUMBER","2","abtik"
"TEXT","fast, live in action.","abtik"
"CEBPHRASE","Mahuman ni dáyug abtik lang mutrabáhu,","abtik"
"TEXT","It will get done right away if you work rapidly.","abtik"
"NUMBER","3","abtik"
"TEXT","cunning, sly.","abtik"
"CEBPHRASE","Abtik giyud siya kay midáwat imbis mubáyad,","abtik"
"TEXT","He sure is sharp. Instead of paying as he should have, he got paid.","abtik"
"WORDTYPE","v","abtik"
"CLASS","[B]","abtik"
"NUMBER","1","abtik"
"TEXT","get to be nimble.","abtik"
"NUMBER","2","abtik"
"TEXT","get to be fast in action.","abtik"
"CEBPHRASE","Muabtik (maabtik) lagi ang íyang panglíhuk basta pakit-ug sápì,","abtik"
"TEXT","He’ll get moving fast as long as you show him money.","abtik"
"NUMBER","3","abtik"
"CLASS","[B12]","abtik"
"TEXT","get to be cunning, sly.","abtik"
"NUMBER","4","abtik"
"CLASS","[b4(1)]","abtik"
"TEXT","outsmart.","abtik"
"CEBPHRASE","Naabtikan sad ku sa bátà,","abtik"
"TEXT","The child put one over on me.","abtik"
"CEBWORD","paN-","abtik"
"WORDTYPE","v","abtik"
"CLASS","[A2; b6]","abtik"
"TEXT","engage in chicanery.","abtik"
"CEBPHRASE","Ayaw kug pangabtíki kay suhítu ku,","abtik"
"TEXT","Don’t try to put a fast one over on me, because I know my way around.","abtik"
"CEBWORD","abtung","abtung"
"WORDTYPE","n","abtung"
"TEXT","rope used for tying the plow to the crosstree.","abtung"
"CEBWORD","abu","abu"
"WORDTYPE","n","abu"
"NUMBER","1","abu"
"TEXT","ashes.","abu"
"NUMBER","2","abu"
"LINK","alabúhan","abu"
"WORDTYPE","v","abu"
"NUMBER","1","abu"
"CLASS","[A; a12]","abu"
"TEXT","make ashes.","abu"
"CEBPHRASE","Abuha nang mga palwa ug gam-ang sabun,","abu"
"TEXT","Make the palm stems into ashes to make soap out of.","abu"
"NUMBER","2","abu"
"CLASS","[B1256]","abu"
"TEXT","be razed or burned to the ground.","abu"
"CEBPHRASE","Pag-abut nákù naabu na ang balay,","abu"
"TEXT","When I arrived, the house was already burned to the ground.","abu"
"CEBWORD","ka-(←)","abu"
"WORDTYPE","v","abu"
"CLASS","[A13]","abu"
"TEXT","get ashes all over one.","abu"
"CEBPHRASE","Nagkaábu ku kay misum-uk ku sa nasunúgan,","abu"
"TEXT","I got ashes all over me because I went into the burned-out area.","abu"
"CEBWORD","alabúhan","abu"
"WORDTYPE","n","abu"
"TEXT","stove or any place a fire for cooking is built.","abu"
"CEBWORD","abuhun","abu"
"WORDTYPE","n","abu"
"TEXT","ash-colored.","abu"
"CEBPHRASE","Manuk nga abuhun,","abu"
"TEXT","Gray-colored cock.","abu"
"CEBWORD","abuábu","abuábu"
"WORDTYPE","n","abuábu"
"TEXT","k.o. fish.","abuábu"
"CEBWORD","*abubhu","*abubhu"
"CEBWORD","paN-","*abubhu"
"WORDTYPE","v","*abubhu"
"CLASS","[A2; b6]","*abubhu"
"TEXT","be jealous of a loved one.","*abubhu"
"WORDTYPE","n","*abubhu"
"TEXT","jealousy.","*abubhu"
"CEBWORD","abubhuan","*abubhu"
"WORDTYPE","a","*abubhu"
"TEXT","jealous.","*abubhu"
"CEBPHRASE","Abubhuang bána,","*abubhu"
"TEXT","A jealous husband.","*abubhu"
"CEBWORD","mapangabubhúun","*abubhu"
"WORDTYPE","a","*abubhu"
"TEXT","of a jealous type.","*abubhu"
"CEBPHRASE","Mapangabubhúun nga pasiklap,","*abubhu"
"TEXT","A jealous glance.","*abubhu"
"CEBWORD","abud, ábud<sub>1</sub>","abud, ábud<sub>1</sub>"
"WORDTYPE","v","abud, ábud<sub>1</sub>"
"CLASS","[A; c]","abud, ábud<sub>1</sub>"
"NUMBER","1","abud, ábud<sub>1</sub>"
"TEXT","throw grains, throw grains to.","abud, ábud<sub>1</sub>"
"CEBPHRASE","Ang bukbukung mais mauy iábud sa manuk,","abud, ábud<sub>1</sub>"
"TEXT","Throw the beetle-infested corn to the chickens.","abud, ábud<sub>1</sub>"
"NUMBER","2","abud, ábud<sub>1</sub>"
"TEXT","drop grains into a hole in planting.","abud, ábud<sub>1</sub>"
"CEBPHRASE","Mag-abud sila sa ílang baul,","abud, ábud<sub>1</sub>"
"TEXT","They will plant their field.","abud, ábud<sub>1</sub>"
"NUMBER","3","abud, ábud<sub>1</sub>"
"TEXT","feed grain into a mill.","abud, ábud<sub>1</sub>"
"CEBPHRASE","ímu síging abdan (abúran) ang galingan,","abud, ábud<sub>1</sub>"
"TEXT","Keep feeding grains into the mill.","abud, ábud<sub>1</sub>"
"NUMBER","4","abud, ábud<sub>1</sub>"
"TEXT","supply a factory with raw materials.","abud, ábud<sub>1</sub>"
"CEBPHRASE","Kanang kumpaniyáha mauy tig-abud sa mga papil sa imprinta,","abud, ábud<sub>1</sub>"
"TEXT","That company supplies paper to the printing press.","abud, ábud<sub>1</sub>"
"NUMBER","5","abud, ábud<sub>1</sub>"
"TEXT","feed news, gossip. Aha!","abud, ábud<sub>1</sub>"
"CEBPHRASE","Ikaw diay nag-abud sa mga nutisya,","abud, ábud<sub>1</sub>"
"TEXT","So you were the one who spread the news!","abud, ábud<sub>1</sub>"
"WORDTYPE","n","abud, ábud<sub>1</sub>"
"NUMBER","1","abud, ábud<sub>1</sub>"
"TEXT","feed for fowls.","abud, ábud<sub>1</sub>"
"NUMBER","2","abud, ábud<sub>1</sub>"
"TEXT","one’s turn to throw grains.","abud, ábud<sub>1</sub>"
"CEBPHRASE","ákù na rung abud,","abud, ábud<sub>1</sub>"
"TEXT","It’s my turn to feed (the chickens).","abud, ábud<sub>1</sub>"
"CEBWORD","alabdan","abud, ábud<sub>1</sub>"
"LINK","abud","abud, ábud<sub>1</sub>"
"WORDTYPE","n","abud, ábud<sub>1</sub>"
"TEXT","2.","abud, ábud<sub>1</sub>"
"CEBWORD","ábud<sub>2</sub>","ábud<sub>2</sub>"
"WORDTYPE","n","ábud<sub>2</sub>"
"TEXT","ornamental bulbous plant: <b lang=""la""><i>Eurycles amboinensis</i></b>. The leaves are applied over the bladder to facilitate urination.","ábud<sub>2</sub>"
"CEBWORD","ábud<sub>3</sub>","ábud<sub>3</sub>"
"WORDTYPE","n","ábud<sub>3</sub>"
"TEXT","k.o. head louse lighter in color and with a longer and more slender body than the ordinary head louse (","ábud<sub>3</sub>"
"CEBPHRASE","kútu","ábud<sub>3</sub>"
"CEBWORD","abug<sub>1</sub>","abug<sub>1</sub>"
"WORDTYPE","n","abug<sub>1</sub>"
"TEXT","dust.","abug<sub>1</sub>"
"WORDTYPE","v","abug<sub>1</sub>"
"NUMBER","1","abug<sub>1</sub>"
"CLASS","[B46; a4b4(1)]","abug<sub>1</sub>"
"TEXT","become dusty.","abug<sub>1</sub>"
"CEBPHRASE","Muabug ang karsáda ug dúgayng uwanun,","abug<sub>1</sub>"
"TEXT","The road gets dusty if the rains come late.","abug<sub>1</sub>"
"CEBPHRASE","Giabug ang ámung balay kay dúgay na nga wà puy-i,","abug<sub>1</sub>"
"TEXT","Our house became all dusty because it hadn’t been lived in for a long time.","abug<sub>1</sub>"
"CEBPHRASE","Tabúni ang libru arun dílì maabugan,","abug<sub>1</sub>"
"TEXT","Cover the books so they won’t get dusty.","abug<sub>1</sub>"
"NUMBER","2","abug<sub>1</sub>"
"CLASS","[B1256]","abug<sub>1</sub>"
"TEXT","turn into dust.","abug<sub>1</sub>"
"CEBPHRASE","Sa kadugáyan kitang tanan maabug,","abug<sub>1</sub>"
"TEXT","In the end we will all turn to dust.","abug<sub>1</sub>"
"CEBWORD","ka-(←)","abug<sub>1</sub>"
"WORDTYPE","v","abug<sub>1</sub>"
"CLASS","[A13]","abug<sub>1</sub>"
"TEXT","get dust all over it.","abug<sub>1</sub>"
"CEBPHRASE","Nagkaábug ang ákung buhuk tungud sa byáhi,","abug<sub>1</sub>"
"TEXT","My hair is all covered with dust because I’ve just gotten off the bus.","abug<sub>1</sub>"
"CEBWORD","-un","abug<sub>1</sub>"
"WORDTYPE","a","abug<sub>1</sub>"
"TEXT","dusty.","abug<sub>1</sub>"
"CEBWORD","-l-an(←)","abug<sub>1</sub>"
"TEXT","exposed to dust.","abug<sub>1</sub>"
"CEBPHRASE","Kining kwartúha alabúgan. Duul man gud sa karsáda,","abug<sub>1</sub>"
"TEXT","This room is exposed to dust. It’s close to the street.","abug<sub>1</sub>"
"CEBWORD","*abug<sub>2</sub>","*abug<sub>2</sub>"
"CEBWORD","paN-","*abug<sub>2</sub>"
"TEXT","euphemism for","*abug<sub>2</sub>"
"LINK","pangabughu","*abug<sub>2</sub>"
"CEBPHRASE","see","*abug<sub>2</sub>"
"LINK","*","*abug<sub>2</sub>"
"TEXT","abubhu</a></span>.","*abug<sub>2</sub>"
"CEBWORD","ábug<sub>1</sub>","ábug<sub>1</sub>"
"WORDTYPE","v","ábug<sub>1</sub>"
"CLASS","[A; a]","ábug<sub>1</sub>"
"NUMBER","1","ábug<sub>1</sub>"
"TEXT","chase, drive, drive away.","ábug<sub>1</sub>"
"CEBPHRASE","Abúga ang bábuy ngadtu sa tangkal,","ábug<sub>1</sub>"
"TEXT","Drive the pig into the pen.","ábug<sub>1</sub>"
"CEBPHRASE","Abúgi sa lángaw ang lamísa,","ábug<sub>1</sub>"
"TEXT","Drive the flies away from the table.","ábug<sub>1</sub>"
"NUMBER","2","ábug<sub>1</sub>"
"TEXT","drive s.o. to do s.t.","ábug<sub>1</sub>"
"CEBPHRASE","Ang kaúlaw mauy nag-ábug kanákù pagpaháwà sa ámung lungsud,","ábug<sub>1</sub>"
"TEXT","Shame drove me to move out of town.","ábug<sub>1</sub>"
"CEBWORD","(→)","ábug<sub>1</sub>"
"WORDTYPE","n","ábug<sub>1</sub>"
"TEXT","stick with strips of paper, plastic, etc., attached on one end, used to chase flies away.","ábug<sub>1</sub>"
"CEBWORD","-an(→)","ábug<sub>1</sub>"
"WORDTYPE","n","ábug<sub>1</sub>"
"TEXT","an enclosure of the fish corral into which the fish are driven before being caught.","ábug<sub>1</sub>"
"CEBWORD","ábug<sub>2</sub>","ábug<sub>2</sub>"
"LINK","abyug","ábug<sub>2</sub>"
"CEBWORD","abugáda","abugáda"
"WORDTYPE","n","abugáda"
"TEXT","female lawyer.","abugáda"
"CEBWORD","abugádu","abugádu"
"WORDTYPE","n","abugádu"
"TEXT","lawyer.","abugádu"
"WORDTYPE","v","abugádu"
"NUMBER","1","abugádu"
"CLASS","[B16; a2]","abugádu"
"TEXT","be, become a lawyer.","abugádu"
"NUMBER","2","abugádu"
"CLASS","[A; b]","abugádu"
"TEXT","speak for s.o.","abugádu"
"CEBPHRASE","Abugadúhan ta lang ka kay wà kay pangabla,","abugádu"
"TEXT","I’ll speak for you because you don’t have the knack of saying what you want.","abugádu"
"CEBWORD","abugaduhun","abugádu"
"WORDTYPE","a","abugádu"
"TEXT","lawyer-like.","abugádu"
"CEBPHRASE","Abugaduhung pangatarúngan,","abugádu"
"TEXT","Lawyer-like reasoning.","abugádu"
"CEBWORD","abugágu","abugágu"
"WORDTYPE","n","abugágu"
"TEXT","dumb lawyer (play on the words","abugágu"
"CEBPHRASE","abugádu","abugágu"
"TEXT","‘lawyer’ and","abugágu"
"CEBPHRASE","gágu","abugágu"
"TEXT","‘stupid’).","abugágu"
